what,kind,bundleId,bundleVersion,description,time
error,log,,,"Unable to create editor ID org.eclipse.jdt.ui.ClassFileEditor: The Class File Viewer cannot handle the given input ('org.eclipse.ui.ide.FileStoreEditorInput').",1323200564675
opened,editor,org.eclipse.jdt.ui,3.7.1.r371_v20110824-0800,"org.eclipse.jdt.ui.ClassFileEditor",1323200564685
opened,editor,org.eclipse.jdt.ui,3.7.1.r371_v20110824-0800,"org.eclipse.jdt.ui.ClassFileEditor",1323200564690
activated,editor,org.eclipse.jdt.ui,3.7.1.r371_v20110824-0800,"org.eclipse.jdt.ui.ClassFileEditor",1323200564727
started,bundle,org.eclipse.jdt.apt.core,3.3.500.v20110420-1015,"org.eclipse.jdt.apt.core",1323200564876
started,bundle,org.eclipse.jdt.apt.pluggable.core,1.0.400.v20110305-1450,"org.eclipse.jdt.apt.pluggable.core",1323200564928
opened,editor,org.eclipse.ui.editors,3.7.0.v20110517-0800,"org.eclipse.ui.DefaultTextEditor",1323200564975
activated,editor,org.eclipse.ui.editors,3.7.0.v20110517-0800,"org.eclipse.ui.DefaultTextEditor",1323200565070
opened,editor,org.eclipse.jdt.ui,3.7.1.r371_v20110824-0800,"org.eclipse.jdt.ui.CompilationUnitEditor",1323200565293
activated,editor,org.eclipse.jdt.ui,3.7.1.r371_v20110824-0800,"org.eclipse.jdt.ui.CompilationUnitEditor",1323200565533
error,log,,,"Unable to create editor ID org.eclipse.jdt.ui.ClassFileEditor: The Class File Viewer cannot handle the given input ('org.eclipse.ui.ide.FileStoreEditorInput').",1323200565585
opened,editor,org.eclipse.jdt.ui,3.7.1.r371_v20110824-0800,"org.eclipse.jdt.ui.ClassFileEditor",1323200565595
opened,editor,org.eclipse.jdt.ui,3.7.1.r371_v20110824-0800,"org.eclipse.jdt.ui.ClassFileEditor",1323200565599
activated,editor,org.eclipse.jdt.ui,3.7.1.r371_v20110824-0800,"org.eclipse.jdt.ui.ClassFileEditor",1323200565678
opened,editor,org.eclipse.ui.editors,3.7.0.v20110517-0800,"org.eclipse.ui.DefaultTextEditor",1323200565805
activated,editor,org.eclipse.ui.editors,3.7.0.v20110517-0800,"org.eclipse.ui.DefaultTextEditor",1323200565923
opened,editor,org.eclipse.jdt.ui,3.7.1.r371_v20110824-0800,"org.eclipse.jdt.ui.CompilationUnitEditor",1323200566175
activated,editor,org.eclipse.jdt.ui,3.7.1.r371_v20110824-0800,"org.eclipse.jdt.ui.CompilationUnitEditor",1323200566411
error,log,,,"Unable to create editor ID org.eclipse.jdt.ui.ClassFileEditor: The Class File Viewer cannot handle the given input ('org.eclipse.ui.ide.FileStoreEditorInput').",1323200566463
opened,editor,org.eclipse.jdt.ui,3.7.1.r371_v20110824-0800,"org.eclipse.jdt.ui.ClassFileEditor",1323200566473
opened,editor,org.eclipse.jdt.ui,3.7.1.r371_v20110824-0800,"org.eclipse.jdt.ui.ClassFileEditor",1323200566495
activated,editor,org.eclipse.jdt.ui,3.7.1.r371_v20110824-0800,"org.eclipse.jdt.ui.ClassFileEditor",1323200566564
opened,editor,org.eclipse.ui.editors,3.7.0.v20110517-0800,"org.eclipse.ui.DefaultTextEditor",1323200566653
activated,editor,org.eclipse.ui.editors,3.7.0.v20110517-0800,"org.eclipse.ui.DefaultTextEditor",1323200566696
opened,editor,org.eclipse.jdt.ui,3.7.1.r371_v20110824-0800,"org.eclipse.jdt.ui.CompilationUnitEditor",1323200566954
activated,editor,org.eclipse.jdt.ui,3.7.1.r371_v20110824-0800,"org.eclipse.jdt.ui.CompilationUnitEditor",1323200567185
error,log,,,"Unable to create editor ID org.eclipse.jdt.ui.ClassFileEditor: The Class File Viewer cannot handle the given input ('org.eclipse.ui.ide.FileStoreEditorInput').",1323200567235
opened,editor,org.eclipse.jdt.ui,3.7.1.r371_v20110824-0800,"org.eclipse.jdt.ui.ClassFileEditor",1323200567243
opened,editor,org.eclipse.jdt.ui,3.7.1.r371_v20110824-0800,"org.eclipse.jdt.ui.ClassFileEditor",1323200567247
activated,editor,org.eclipse.jdt.ui,3.7.1.r371_v20110824-0800,"org.eclipse.jdt.ui.ClassFileEditor",1323200567306
opened,editor,org.eclipse.ui.editors,3.7.0.v20110517-0800,"org.eclipse.ui.DefaultTextEditor",1323200567399
activated,editor,org.eclipse.ui.editors,3.7.0.v20110517-0800,"org.eclipse.ui.DefaultTextEditor",1323200567443
opened,editor,org.eclipse.jdt.ui,3.7.1.r371_v20110824-0800,"org.eclipse.jdt.ui.CompilationUnitEditor",1323200567605
activated,editor,org.eclipse.jdt.ui,3.7.1.r371_v20110824-0800,"org.eclipse.jdt.ui.CompilationUnitEditor",1323200567814
error,log,,,"Unable to create editor ID org.eclipse.jdt.ui.ClassFileEditor: The Class File Viewer cannot handle the given input ('org.eclipse.ui.ide.FileStoreEditorInput').",1323200567877
opened,editor,org.eclipse.jdt.ui,3.7.1.r371_v20110824-0800,"org.eclipse.jdt.ui.ClassFileEditor",1323200567896
opened,editor,org.eclipse.jdt.ui,3.7.1.r371_v20110824-0800,"org.eclipse.jdt.ui.ClassFileEditor",1323200567901
activated,editor,org.eclipse.jdt.ui,3.7.1.r371_v20110824-0800,"org.eclipse.jdt.ui.ClassFileEditor",1323200567964
opened,editor,org.eclipse.ui.editors,3.7.0.v20110517-0800,"org.eclipse.ui.DefaultTextEditor",1323200568055
activated,editor,org.eclipse.ui.editors,3.7.0.v20110517-0800,"org.eclipse.ui.DefaultTextEditor",1323200568095
opened,editor,org.eclipse.jdt.ui,3.7.1.r371_v20110824-0800,"org.eclipse.jdt.ui.CompilationUnitEditor",1323200568289
activated,editor,org.eclipse.jdt.ui,3.7.1.r371_v20110824-0800,"org.eclipse.jdt.ui.CompilationUnitEditor",1323200568460
opened,editor,org.eclipse.ui.editors,3.7.0.v20110517-0800,"org.eclipse.ui.DefaultTextEditor",1323200568840
activated,editor,org.eclipse.ui.editors,3.7.0.v20110517-0800,"org.eclipse.ui.DefaultTextEditor",1323200568931
opened,editor,org.eclipse.ui.editors,3.7.0.v20110517-0800,"org.eclipse.ui.DefaultTextEditor",1323200569192
activated,editor,org.eclipse.ui.editors,3.7.0.v20110517-0800,"org.eclipse.ui.DefaultTextEditor",1323200569260
opened,editor,org.eclipse.jdt.ui,3.7.1.r371_v20110824-0800,"org.eclipse.jdt.ui.CompilationUnitEditor",1323200569442
activated,editor,org.eclipse.jdt.ui,3.7.1.r371_v20110824-0800,"org.eclipse.jdt.ui.CompilationUnitEditor",1323200569628
executed,command,org.eclipse.ui.ide,3.7.0.v20110809-1737,"org.eclipse.ui.edit.text.openLocalFile",1323200569639
activated,view,org.eclipse.jdt.ui,3.7.1.r371_v20110824-0800,"org.eclipse.jdt.ui.PackageExplorer",1323200570862
activated,editor,org.eclipse.jdt.ui,3.7.1.r371_v20110824-0800,"org.eclipse.jdt.ui.CompilationUnitEditor",1323200575443
deactivated,workbench,org.eclipse.ui.workbench,3.7.0.I20110519-0100,"",1323200575995
activated,workbench,org.eclipse.ui.workbench,3.7.0.I20110519-0100,"",1323200576363
activated,editor,org.eclipse.ui.editors,3.7.0.v20110517-0800,"org.eclipse.ui.DefaultTextEditor",1323200577190
deactivated,workbench,org.eclipse.ui.workbench,3.7.0.I20110519-0100,"",1323200577311
activated,workbench,org.eclipse.ui.workbench,3.7.0.I20110519-0100,"",1323200693337
deactivated,workbench,org.eclipse.ui.workbench,3.7.0.I20110519-0100,"",1323200693523
activated,workbench,org.eclipse.ui.workbench,3.7.0.I20110519-0100,"",1323200711957
activated,editor,org.eclipse.jdt.ui,3.7.1.r371_v20110824-0800,"org.eclipse.jdt.ui.CompilationUnitEditor",1323200721677
closed,editor,org.eclipse.ui.editors,3.7.0.v20110517-0800,"org.eclipse.ui.DefaultTextEditor",1323200721680
closed,editor,org.eclipse.ui.editors,3.7.0.v20110517-0800,"org.eclipse.ui.DefaultTextEditor",1323200723207
activated,view,org.eclipse.jdt.ui,3.7.1.r371_v20110824-0800,"org.eclipse.jdt.ui.PackageExplorer",1323200725623
deactivated,workbench,org.eclipse.ui.workbench,3.7.0.I20110519-0100,"",1323200728823
activated,workbench,org.eclipse.ui.workbench,3.7.0.I20110519-0100,"",1323200737270
executed,command,org.eclipse.ui,3.7.0.I20110602-0100,"org.eclipse.ui.file.import",1323200737434
executed,command,org.eclipse.ui,3.7.0.I20110602-0100,"org.eclipse.ui.file.import",1323200737434
activated,editor,org.eclipse.jdt.ui,3.7.1.r371_v20110824-0800,"org.eclipse.jdt.ui.CompilationUnitEditor",1323200758685
activated,view,org.eclipse.jdt.ui,3.7.1.r371_v20110824-0800,"org.eclipse.jdt.ui.PackageExplorer",1323200758773
executed,command,org.eclipse.ui,3.7.0.I20110602-0100,"org.eclipse.ui.views.showView",1323200758775
activated,editor,org.eclipse.jdt.ui,3.7.1.r371_v20110824-0800,"org.eclipse.jdt.ui.CompilationUnitEditor",1323200762811
activated,editor,org.eclipse.jdt.ui,3.7.1.r371_v20110824-0800,"org.eclipse.jdt.ui.CompilationUnitEditor",1323200764986
closed,editor,org.eclipse.jdt.ui,3.7.1.r371_v20110824-0800,"org.eclipse.jdt.ui.CompilationUnitEditor",1323200764987
activated,editor,org.eclipse.ui.editors,3.7.0.v20110517-0800,"org.eclipse.ui.DefaultTextEditor",1323200804695
closed,editor,org.eclipse.jdt.ui,3.7.1.r371_v20110824-0800,"org.eclipse.jdt.ui.CompilationUnitEditor",1323200804764
activated,editor,org.eclipse.jdt.ui,3.7.1.r371_v20110824-0800,"org.eclipse.jdt.ui.ClassFileEditor",1323200806129
closed,editor,org.eclipse.ui.editors,3.7.0.v20110517-0800,"org.eclipse.ui.DefaultTextEditor",1323200806130
executed,command,org.eclipse.ui,3.7.0.I20110602-0100,"org.eclipse.ui.file.close",1323200806240
activated,editor,org.eclipse.jdt.ui,3.7.1.r371_v20110824-0800,"org.eclipse.jdt.ui.CompilationUnitEditor",1323200807290
closed,editor,org.eclipse.jdt.ui,3.7.1.r371_v20110824-0800,"org.eclipse.jdt.ui.ClassFileEditor",1323200807292
executed,command,org.eclipse.ui,3.7.0.I20110602-0100,"org.eclipse.ui.file.close",1323200807298
activated,editor,org.eclipse.ui.editors,3.7.0.v20110517-0800,"org.eclipse.ui.DefaultTextEditor",1323200807942
closed,editor,org.eclipse.jdt.ui,3.7.1.r371_v20110824-0800,"org.eclipse.jdt.ui.CompilationUnitEditor",1323200807942
executed,command,org.eclipse.ui,3.7.0.I20110602-0100,"org.eclipse.ui.file.close",1323200807975
activated,editor,org.eclipse.jdt.ui,3.7.1.r371_v20110824-0800,"org.eclipse.jdt.ui.ClassFileEditor",1323200808731
closed,editor,org.eclipse.ui.editors,3.7.0.v20110517-0800,"org.eclipse.ui.DefaultTextEditor",1323200808731
executed,command,org.eclipse.ui,3.7.0.I20110602-0100,"org.eclipse.ui.file.close",1323200808770
activated,editor,org.eclipse.jdt.ui,3.7.1.r371_v20110824-0800,"org.eclipse.jdt.ui.CompilationUnitEditor",1323200809552
closed,editor,org.eclipse.jdt.ui,3.7.1.r371_v20110824-0800,"org.eclipse.jdt.ui.ClassFileEditor",1323200809553
executed,command,org.eclipse.ui,3.7.0.I20110602-0100,"org.eclipse.ui.file.close",1323200810200
activated,editor,org.eclipse.ui.editors,3.7.0.v20110517-0800,"org.eclipse.ui.DefaultTextEditor",1323200810672
closed,editor,org.eclipse.jdt.ui,3.7.1.r371_v20110824-0800,"org.eclipse.jdt.ui.CompilationUnitEditor",1323200810673
executed,command,org.eclipse.ui,3.7.0.I20110602-0100,"org.eclipse.ui.file.close",1323200810818
activated,editor,org.eclipse.jdt.ui,3.7.1.r371_v20110824-0800,"org.eclipse.jdt.ui.ClassFileEditor",1323200811899
closed,editor,org.eclipse.ui.editors,3.7.0.v20110517-0800,"org.eclipse.ui.DefaultTextEditor",1323200811899
executed,command,org.eclipse.ui,3.7.0.I20110602-0100,"org.eclipse.ui.file.close",1323200811958
activated,editor,org.eclipse.jdt.ui,3.7.1.r371_v20110824-0800,"org.eclipse.jdt.ui.CompilationUnitEditor",1323200812310
closed,editor,org.eclipse.jdt.ui,3.7.1.r371_v20110824-0800,"org.eclipse.jdt.ui.ClassFileEditor",1323200812311
executed,command,org.eclipse.ui,3.7.0.I20110602-0100,"org.eclipse.ui.file.close",1323200812320
activated,view,org.eclipse.ui.ide,3.7.0.v20110809-1737,"org.eclipse.ui.views.ProblemView",1323200817537
closed,editor,org.eclipse.jdt.ui,3.7.1.r371_v20110824-0800,"org.eclipse.jdt.ui.ClassFileEditor",1323200817537
closed,editor,org.eclipse.ui.editors,3.7.0.v20110517-0800,"org.eclipse.ui.DefaultTextEditor",1323200817571
closed,editor,org.eclipse.jdt.ui,3.7.1.r371_v20110824-0800,"org.eclipse.jdt.ui.CompilationUnitEditor",1323200817598
closed,editor,org.eclipse.jdt.ui,3.7.1.r371_v20110824-0800,"org.eclipse.jdt.ui.ClassFileEditor",1323200817706
closed,editor,org.eclipse.ui.editors,3.7.0.v20110517-0800,"org.eclipse.ui.DefaultTextEditor",1323200817713
closed,editor,org.eclipse.jdt.ui,3.7.1.r371_v20110824-0800,"org.eclipse.jdt.ui.CompilationUnitEditor",1323200817764
closed,editor,org.eclipse.jdt.ui,3.7.1.r371_v20110824-0800,"org.eclipse.jdt.ui.ClassFileEditor",1323200818012
closed,editor,org.eclipse.ui.editors,3.7.0.v20110517-0800,"org.eclipse.ui.DefaultTextEditor",1323200818018
closed,editor,org.eclipse.jdt.ui,3.7.1.r371_v20110824-0800,"org.eclipse.jdt.ui.CompilationUnitEditor",1323200818098
closed,editor,org.eclipse.jdt.ui,3.7.1.r371_v20110824-0800,"org.eclipse.jdt.ui.ClassFileEditor",1323200818247
closed,editor,org.eclipse.ui.editors,3.7.0.v20110517-0800,"org.eclipse.ui.DefaultTextEditor",1323200818249
closed,editor,org.eclipse.jdt.ui,3.7.1.r371_v20110824-0800,"org.eclipse.jdt.ui.CompilationUnitEditor",1323200818289
closed,editor,org.eclipse.jdt.ui,3.7.1.r371_v20110824-0800,"org.eclipse.jdt.ui.ClassFileEditor",1323200818451
closed,editor,org.eclipse.jdt.ui,3.7.1.r371_v20110824-0800,"org.eclipse.jdt.ui.ClassFileEditor",1323200818455
closed,editor,org.eclipse.jdt.ui,3.7.1.r371_v20110824-0800,"org.eclipse.jdt.ui.ClassFileEditor",1323200818475
closed,editor,org.eclipse.jdt.ui,3.7.1.r371_v20110824-0800,"org.eclipse.jdt.ui.ClassFileEditor",1323200818485
closed,editor,org.eclipse.jdt.ui,3.7.1.r371_v20110824-0800,"org.eclipse.jdt.ui.ClassFileEditor",1323200818490
closed,editor,org.eclipse.jdt.ui,3.7.1.r371_v20110824-0800,"org.eclipse.jdt.ui.ClassFileEditor",1323200818493
closed,editor,org.eclipse.jdt.ui,3.7.1.r371_v20110824-0800,"org.eclipse.jdt.ui.ClassFileEditor",1323200818495
closed,editor,org.eclipse.jdt.ui,3.7.1.r371_v20110824-0800,"org.eclipse.jdt.ui.ClassFileEditor",1323200818504
closed,editor,org.eclipse.jdt.ui,3.7.1.r371_v20110824-0800,"org.eclipse.jdt.ui.ClassFileEditor",1323200818519
closed,editor,org.eclipse.jdt.ui,3.7.1.r371_v20110824-0800,"org.eclipse.jdt.ui.ClassFileEditor",1323200818528
closed,editor,org.eclipse.ui.editors,3.7.0.v20110517-0800,"org.eclipse.ui.DefaultTextEditor",1323200818542
closed,editor,org.eclipse.jdt.ui,3.7.1.r371_v20110824-0800,"org.eclipse.jdt.ui.CompilationUnitEditor",1323200818752
closed,editor,org.eclipse.jdt.ui,3.7.1.r371_v20110824-0800,"org.eclipse.jdt.ui.ClassFileEditor",1323200819174
closed,editor,org.eclipse.ui.editors,3.7.0.v20110517-0800,"org.eclipse.ui.DefaultTextEditor",1323200819187
closed,editor,org.eclipse.jdt.ui,3.7.1.r371_v20110824-0800,"org.eclipse.jdt.ui.CompilationUnitEditor",1323200819263
deactivated,workbench,org.eclipse.ui.workbench,3.7.0.I20110519-0100,"",1323200841381
activated,workbench,org.eclipse.ui.workbench,3.7.0.I20110519-0100,"",1323200863372
deactivated,workbench,org.eclipse.ui.workbench,3.7.0.I20110519-0100,"",1323200869147
activated,workbench,org.eclipse.ui.workbench,3.7.0.I20110519-0100,"",1323200871174
executed,command,org.eclipse.ui,3.7.0.I20110602-0100,"org.eclipse.ui.cocoa.closeDialog",1323200871181
executed,command,org.eclipse.ui,3.7.0.I20110602-0100,"org.eclipse.ui.newWizard",1323200871221
deactivated,workbench,org.eclipse.ui.workbench,3.7.0.I20110519-0100,"",1323200873102
activated,workbench,org.eclipse.ui.workbench,3.7.0.I20110519-0100,"",1323200874578
closed,workbench,org.eclipse.ui.workbench,3.7.0.I20110519-0100,"",1323200874756
started,bundle,org.eclipse.compare,3.5.201.R37x_v20110817-0800,"org.eclipse.compare",1323200875612
stopped,bundle,org.eclipse.m2e.logback.configuration,1.0.100.20110804-1717,"org.eclipse.m2e.logback.configuration",1323200876183
stopped,bundle,org.eclipse.m2e.discovery,1.0.100.20110804-1717,"org.eclipse.m2e.discovery",1323200876199
stopped,bundle,org.eclipse.m2e.refactoring,1.0.100.20110804-1717,"org.eclipse.m2e.refactoring",1323200876208
stopped,bundle,org.eclipse.m2e.editor,1.0.100.20110804-1717,"org.eclipse.m2e.editor",1323200876225
stopped,bundle,org.eclipse.m2e.editor.xml,1.0.100.20110804-1717,"org.eclipse.m2e.editor.xml",1323200876240
stopped,bundle,org.eclipse.m2e.jdt,1.0.100.20110804-1717,"org.eclipse.m2e.jdt",1323200876253
stopped,bundle,org.eclipse.m2e.launching,1.0.100.20110804-1717,"org.eclipse.m2e.launching",1323200876267
stopped,bundle,org.eclipse.m2e.usagedata,1.0.100.20110804-1717,"org.eclipse.m2e.usagedata",1323200876267
stopped,bundle,org.eclipse.ui.cheatsheets,3.4.100.v20110425,"org.eclipse.ui.cheatsheets",1323200876277
stopped,bundle,org.eclipse.help.ui,3.5.101.r37_20110819,"org.eclipse.help.ui",1323200876294
stopped,bundle,org.eclipse.help.webapp,3.6.0.v20110518,"org.eclipse.help.webapp",1323200876306
stopped,bundle,org.eclipse.epp.mpc.ui,1.1.1.I20110907-0947,"org.eclipse.epp.mpc.ui",1323200876306
activated,perspective,org.eclipse.jdt.ui,,"org.eclipse.jdt.ui.JavaPerspective",1323200896845
started,bundle,org.eclipse.osgi,3.7.1.R37x_v20110808-1106,"org.eclipse.osgi",1323200896847
started,bundle,org.eclipse.equinox.simpleconfigurator,1.0.200.v20110502-1955,"org.eclipse.equinox.simpleconfigurator",1323200896850
started,bundle,com.ibm.icu,4.4.2.v20110208,"com.ibm.icu",1323200896858
started,bundle,org.eclipse.core.contenttype,3.4.100.v20110423-0524,"org.eclipse.core.contenttype",1323200896860
started,bundle,org.eclipse.core.databinding.observable,1.4.0.I20110222-0800,"org.eclipse.core.databinding.observable",1323200896864
started,bundle,org.eclipse.core.expressions,3.4.300.v20110228,"org.eclipse.core.expressions",1323200896865
started,bundle,org.eclipse.core.jobs,3.5.100.v20110404,"org.eclipse.core.jobs",1323200896867
started,bundle,org.eclipse.core.net,1.2.100.I20110511-0800,"org.eclipse.core.net",1323200896868
started,bundle,org.eclipse.core.resources,3.7.100.v20110510-0712,"org.eclipse.core.resources",1323200896871
started,bundle,org.eclipse.core.runtime,3.7.0.v20110110,"org.eclipse.core.runtime",1323200896872
started,bundle,org.eclipse.core.runtime.compatibility,3.2.100.v20100505,"org.eclipse.core.runtime.compatibility",1323200896875
started,bundle,org.eclipse.core.runtime.compatibility.auth,3.2.200.v20110110,"org.eclipse.core.runtime.compatibility.auth",1323200896881
started,bundle,org.eclipse.epp.mpc.ui,1.1.1.I20110907-0947,"org.eclipse.epp.mpc.ui",1323200896885
started,bundle,org.eclipse.epp.usagedata.gathering,1.3.1.R201106061540,"org.eclipse.epp.usagedata.gathering",1323200896886
started,bundle,org.eclipse.epp.usagedata.recording,1.3.1.R201106061540,"org.eclipse.epp.usagedata.recording",1323200896895
started,bundle,org.eclipse.equinox.app,1.3.100.v20110321,"org.eclipse.equinox.app",1323200896897
started,bundle,org.eclipse.equinox.common,3.6.0.v20110523,"org.eclipse.equinox.common",1323200896901
started,bundle,org.eclipse.equinox.ds,1.3.1.R37x_v20110701,"org.eclipse.equinox.ds",1323200896907
started,bundle,org.eclipse.equinox.event,1.2.100.v20110502,"org.eclipse.equinox.event",1323200896914
started,bundle,org.eclipse.equinox.p2.core,2.1.0.v20110502-1955,"org.eclipse.equinox.p2.core",1323200896915
started,bundle,org.eclipse.equinox.p2.directorywatcher,1.0.300.v20110502-1955,"org.eclipse.equinox.p2.directorywatcher",1323200896918
started,bundle,org.eclipse.equinox.p2.engine,2.1.0.v20110511,"org.eclipse.equinox.p2.engine",1323200896929
started,bundle,org.eclipse.equinox.p2.metadata,2.1.0.v20110510,"org.eclipse.equinox.p2.metadata",1323200896944
started,bundle,org.eclipse.equinox.p2.metadata.repository,1.2.0.v20110511-1359,"org.eclipse.equinox.p2.metadata.repository",1323200896948
started,bundle,org.eclipse.equinox.p2.operations,2.1.0.v20110511-1821,"org.eclipse.equinox.p2.operations",1323200896952
started,bundle,org.eclipse.equinox.p2.reconciler.dropins,1.1.100.v20110510,"org.eclipse.equinox.p2.reconciler.dropins",1323200896954
started,bundle,org.eclipse.equinox.p2.repository,2.1.0.v20110601,"org.eclipse.equinox.p2.repository",1323200896958
started,bundle,org.eclipse.equinox.p2.ui.sdk.scheduler,1.0.100.v20110502-1955,"org.eclipse.equinox.p2.ui.sdk.scheduler",1323200896960
started,bundle,org.eclipse.equinox.p2.updatechecker,1.1.200.v20110502-1955,"org.eclipse.equinox.p2.updatechecker",1323200896964
started,bundle,org.eclipse.equinox.preferences,3.4.1.R37x_v20110725,"org.eclipse.equinox.preferences",1323200896965
started,bundle,org.eclipse.equinox.registry,3.5.101.R37x_v20110810-1611,"org.eclipse.equinox.registry",1323200896967
started,bundle,org.eclipse.equinox.security,1.1.1.R37x_v20110822-1018,"org.eclipse.equinox.security",1323200896971
started,bundle,org.eclipse.equinox.util,1.0.300.v20110502,"org.eclipse.equinox.util",1323200896973
started,bundle,org.eclipse.help,3.5.100.v20110426,"org.eclipse.help",1323200896975
started,bundle,org.eclipse.jface,3.7.0.I20110522-1430,"org.eclipse.jface",1323200896977
started,bundle,org.eclipse.jsch.core,1.1.300.I20110514-0800,"org.eclipse.jsch.core",1323200896979
started,bundle,org.eclipse.m2e.logback.configuration,1.0.100.20110804-1717,"org.eclipse.m2e.logback.configuration",1323200896980
started,bundle,org.eclipse.mylyn.bugzilla.core,3.6.2.v20110903-0100,"org.eclipse.mylyn.bugzilla.core",1323200896982
started,bundle,org.eclipse.mylyn.bugzilla.ui,3.6.0.v20110608-1400,"org.eclipse.mylyn.bugzilla.ui",1323200896986
started,bundle,org.eclipse.mylyn.commons.identity,0.8.0.v20110608-1400,"org.eclipse.mylyn.commons.identity",1323200896987
started,bundle,org.eclipse.mylyn.commons.net,3.6.0.v20110608-1400,"org.eclipse.mylyn.commons.net",1323200896987
started,bundle,org.eclipse.mylyn.commons.ui,3.6.1.v20110720-0100,"org.eclipse.mylyn.commons.ui",1323200896989
started,bundle,org.eclipse.mylyn.context.core,3.6.1.v20110720-0100,"org.eclipse.mylyn.context.core",1323200896990
started,bundle,org.eclipse.mylyn.context.ui,3.6.0.v20110608-1400,"org.eclipse.mylyn.context.ui",1323200896992
started,bundle,org.eclipse.mylyn.monitor.ui,3.6.0.v20110608-1400,"org.eclipse.mylyn.monitor.ui",1323200896993
started,bundle,org.eclipse.mylyn.tasks.ui,3.6.2.v20110826-0100,"org.eclipse.mylyn.tasks.ui",1323200896996
started,bundle,org.eclipse.mylyn.team.ui,3.6.1.v20110825-0100,"org.eclipse.mylyn.team.ui",1323200896998
started,bundle,org.eclipse.search,3.7.0.v20110505-0800,"org.eclipse.search",1323200897037
started,bundle,org.eclipse.team.core,3.6.0.I20110525-0800,"org.eclipse.team.core",1323200897039
started,bundle,org.eclipse.team.cvs.core,3.3.400.I20110510-0800,"org.eclipse.team.cvs.core",1323200897041
started,bundle,org.eclipse.team.cvs.ui,3.3.400.I20110510-0800,"org.eclipse.team.cvs.ui",1323200897048
started,bundle,org.eclipse.team.ui,3.6.100.I20110525-0800,"org.eclipse.team.ui",1323200897050
started,bundle,org.eclipse.ui,3.7.0.I20110602-0100,"org.eclipse.ui",1323200897053
started,bundle,org.eclipse.ui.console,3.5.100.v20110511,"org.eclipse.ui.console",1323200897055
started,bundle,org.eclipse.ui.forms,3.5.100.v20110425,"org.eclipse.ui.forms",1323200897057
started,bundle,org.eclipse.ui.ide,3.7.0.v20110809-1737,"org.eclipse.ui.ide",1323200897060
started,bundle,org.eclipse.ui.net,1.2.100.I20110511-0800,"org.eclipse.ui.net",1323200897062
started,bundle,org.eclipse.ui.views,3.6.0.I20110412-0800,"org.eclipse.ui.views",1323200897063
started,bundle,org.eclipse.ui.workbench,3.7.0.I20110519-0100,"org.eclipse.ui.workbench",1323200897065
started,bundle,org.eclipse.update.configurator,3.3.100.v20100512,"org.eclipse.update.configurator",1323200897066
started,bundle,org.eclipse.update.core,3.2.500.v20110330,"org.eclipse.update.core",1323200897068
started,bundle,org.eclipse.update.scheduler,3.2.300.v20100512,"org.eclipse.update.scheduler",1323200897070
started,bundle,org.eclipse.wb.discovery.core,1.1.0.r37x201109091028,"org.eclipse.wb.discovery.core",1323200897071
os,sysinfo,,,"macosx",1323200897079
arch,sysinfo,,,"x86_64",1323200897079
ws,sysinfo,,,"cocoa",1323200897079
locale,sysinfo,,,"en_US",1323200897079
processors,sysinfo,,,"4",1323200897079
java.runtime.name,sysinfo,,,"Java(TM) SE Runtime Environment",1323200897079
java.runtime.version,sysinfo,,,"1.6.0_29-b11-402-11M3527",1323200897079
java.specification.name,sysinfo,,,"Java Platform API Specification",1323200897079
java.specification.vendor,sysinfo,,,"Sun Microsystems Inc.",1323200897079
java.specification.version,sysinfo,,,"1.6",1323200897079
java.vendor,sysinfo,,,"Apple Inc.",1323200897079
java.version,sysinfo,,,"1.6.0_29",1323200897079
java.vm.info,sysinfo,,,"mixed mode",1323200897079
java.vm.name,sysinfo,,,"Java HotSpot(TM) 64-Bit Server VM",1323200897079
java.vm.specification.name,sysinfo,,,"Java Virtual Machine Specification",1323200897079
java.vm.specification.vendor,sysinfo,,,"Sun Microsystems Inc.",1323200897079
java.vm.specification.version,sysinfo,,,"1.0",1323200897079
java.vm.vendor,sysinfo,,,"Apple Inc.",1323200897079
java.vm.version,sysinfo,,,"20.4-b02-402",1323200897079
started,bundle,org.eclipse.m2e.usagedata,1.0.100.20110804-1717,"org.eclipse.m2e.usagedata",1323200897088
started,bundle,org.eclipse.wb.discovery.ui,1.1.0.r37x201109091028,"org.eclipse.wb.discovery.ui",1323200898860
started,bundle,org.eclipse.ui.editors,3.7.0.v20110517-0800,"org.eclipse.ui.editors",1323200905415
started,bundle,org.eclipse.ui.workbench.texteditor,3.7.0.v20110505-0800,"org.eclipse.ui.workbench.texteditor",1323200905440
started,bundle,org.eclipse.jdt.core,3.7.1.v_B76_R37x,"org.eclipse.jdt.core",1323200905769
started,bundle,org.eclipse.jdt.core.manipulation,1.4.0.v20110505-0800,"org.eclipse.jdt.core.manipulation",1323200905993
started,bundle,org.eclipse.jdt.ui,3.7.1.r371_v20110824-0800,"org.eclipse.jdt.ui",1323200906031
started,bundle,org.eclipse.core.filebuffers,3.5.200.v20110505-0800,"org.eclipse.core.filebuffers",1323200906215
opened,view,org.eclipse.jdt.ui,3.7.1.r371_v20110824-0800,"org.eclipse.jdt.ui.PackageExplorer",1323200907069
activated,view,org.eclipse.jdt.ui,3.7.1.r371_v20110824-0800,"org.eclipse.jdt.ui.PackageExplorer",1323200907206
deactivated,workbench,org.eclipse.ui.workbench,3.7.0.I20110519-0100,"",1323200915348
activated,workbench,org.eclipse.ui.workbench,3.7.0.I20110519-0100,"",1323200917020
executed,command,org.eclipse.ui,3.7.0.I20110602-0100,"org.eclipse.ui.newWizard",1323200917091
deactivated,workbench,org.eclipse.ui.workbench,3.7.0.I20110519-0100,"",1323200919701
activated,workbench,org.eclipse.ui.workbench,3.7.0.I20110519-0100,"",1323200941788
executed,command,org.eclipse.ui,3.7.0.I20110602-0100,"org.eclipse.ui.file.import",1323200941848
executed,command,org.eclipse.ui,3.7.0.I20110602-0100,"org.eclipse.ui.file.import",1323200941848
